Category,Subject,Link
Accounting,'BUSINESS RESEARCH CENTER',https://guides.lib.utexas.edu/BRC
Accounting,Accounting & Tax Research (ACC),https://guides.lib.utexas.edu/ACC
Advertising,Advertising and Public Relations,https://guides.lib.utexas.edu/ADVPR
Aerospace Engineering,Aerospace Engineering,https://guides.lib.utexas.edu/aerospace
Aerospace Engineering,ASE 333T - Engineering Communication,https://guides.lib.utexas.edu/ase333t-engineering-communication
African American Studies,African and African American Studies,https://guides.lib.utexas.edu/AAAS
African American Studies,Black Queer Studies Collection,https://guides.lib.utexas.edu/bqsc
African and African Diaspora Studies,AFR 317E: Afro-Brazilian Diaspora - Afolabi,https://guides.lib.utexas.edu/c.php?g=730546
African and African Diaspora Studies,African and African American Studies,https://guides.lib.utexas.edu/AAAS
African and African Diaspora Studies,Black Queer Studies Collection,https://guides.lib.utexas.edu/bqsc
African and African Diaspora Studies,"Visual Resources Collection, Fine Arts Library",https://guides.lib.utexas.edu/c.php?g=518591
Alternative Medicine,Medicine,https://guides.lib.utexas.edu/medicine
American Studies,American Studies,https://guides.lib.utexas.edu/c.php?g=531304
American Studies,Disability Studies,https://guides.lib.utexas.edu/disabilitystudies
Anthropology,Anthropology,https://guides.lib.utexas.edu/anthropology
Arabic,Middle Eastern Studies,https://guides.lib.utexas.edu/mes
Archaeology,Archaeology,https://guides.lib.utexas.edu/archaeology
Archaeology,Classics,https://guides.lib.utexas.edu/classics
Archaeology,Classics Library News,https://guides.lib.utexas.edu/ClassicsLibraryNews
Archaeology,Greek and Roman Archaeology,https://guides.lib.utexas.edu/greekroman_arch
Architectural History,Architectural History,https://guides.lib.utexas.edu/arch_history
Architectural History,ARTstor,https://guides.lib.utexas.edu/artstor
Architectural History,Digital Scholarship and the School of Architecture,https://guides.lib.utexas.edu/DS_SOA
Architectural History,Texas Architects and Architecture,https://guides.lib.utexas.edu/texas_arch
Architecture,Architecture,https://guides.lib.utexas.edu/architecture
Architecture,ARTstor,https://guides.lib.utexas.edu/artstor
Architecture,Digital Scholarship and the School of Architecture,https://guides.lib.utexas.edu/DS_SOA
Architecture,Texas Architects and Architecture,https://guides.lib.utexas.edu/texas_arch
Architecture,"Visual Resources Collection, Fine Arts Library",https://guides.lib.utexas.edu/c.php?g=518591
Architecture and Planning,ARC 308 - Architecture and Society - Speck,https://guides.lib.utexas.edu/ARC_308
Architecture and Planning,Architectural History,https://guides.lib.utexas.edu/arch_history
Architecture and Planning,Architecture,https://guides.lib.utexas.edu/architecture
Architecture and Planning,ARTstor,https://guides.lib.utexas.edu/artstor
Architecture and Planning,Community and Regional Planning,https://guides.lib.utexas.edu/crp
Architecture and Planning,Digital Scholarship and the School of Architecture,https://guides.lib.utexas.edu/DS_SOA
Architecture and Planning,Historic Preservation,https://guides.lib.utexas.edu/historicpreservation
Architecture and Planning,Interior Design,https://guides.lib.utexas.edu/interior_design
Architecture and Planning,Landscape Architecture,https://guides.lib.utexas.edu/land_arch
Architecture and Planning,Sustainable Design,https://guides.lib.utexas.edu/sustainable_design
Architecture and Planning,Texas Architects and Architecture,https://guides.lib.utexas.edu/texas_arch
Architecture and Planning,Urban Design,https://guides.lib.utexas.edu/urban_design
Art and Art History,AAH Core Program,https://guides.lib.utexas.edu/aahcore
Art and Art History,ARH 375 - Art History Methods,https://guides.lib.utexas.edu/ARH375
Art and Art History,Art and Art History,https://guides.lib.utexas.edu/art
Art and Art History,Art Education,https://guides.lib.utexas.edu/c.php?g=554001
Art and Art History,Artists' Books at the Fine Arts Library,https://guides.lib.utexas.edu/artistsbooks
Art and Art History,ARTstor,https://guides.lib.utexas.edu/artstor
Art and Art History,Ellsworth Kelly's Austin,https://guides.lib.utexas.edu/ellsworthkelly
Art and Art History,Greek and Roman Art,https://guides.lib.utexas.edu/greekroman_art
Art and Art History,Images,https://guides.lib.utexas.edu/images
Art and Art History,"Visual Resources Collection, Fine Arts Library",https://guides.lib.utexas.edu/c.php?g=518591
Art and Art History,Zines,https://guides.lib.utexas.edu/zines
Asian American Studies,Asian-American Studies,https://guides.lib.utexas.edu/asianamericanstudies
Asian American Studies,Disability Studies,https://guides.lib.utexas.edu/disabilitystudies
Asian Studies,China Studies,https://guides.lib.utexas.edu/China
Asian Studies,East Asian Studies,https://guides.lib.utexas.edu/EAS
Asian Studies,Japan Studies,https://guides.lib.utexas.edu/Japan
Asian Studies,Korea Studies,https://guides.lib.utexas.edu/Korea
Asian Studies,South Asian Studies,https://guides.lib.utexas.edu/southasianstudies
Asian Studies,Taiwan Studies,https://guides.lib.utexas.edu/Taiwan
Astronomy,Astronomy,https://guides.lib.utexas.edu/astronomy
Biochemistry,Biochemistry,https://guides.lib.utexas.edu/biochemistry
Bioinformatics,Biomedical Big Data Resource Center,https://guides.lib.utexas.edu/biomecdicalresourcecenter
Biology,BEACON Public Engagement Workshop,https://guides.lib.utexas.edu/BEACONworkshop
Biology,Biochemistry,https://guides.lib.utexas.edu/biochemistry
Biology,Biology,https://guides.lib.utexas.edu/biology
Biology,Biomedical Big Data Resource Center,https://guides.lib.utexas.edu/biomecdicalresourcecenter
Biology,"Individual & Population Variation in Biology, Medicine, & Society",https://guides.lib.utexas.edu/PopUpVariation
Biomedical Engineering,Biomedical Engineering,https://guides.lib.utexas.edu/bme
Biomedical Engineering,BME 333T - Engineering Communication,https://guides.lib.utexas.edu/bme333t-engineering-communication
Business,'BUSINESS RESEARCH CENTER',https://guides.lib.utexas.edu/BRC
Business,Accounting & Tax Research (ACC),https://guides.lib.utexas.edu/ACC
Business,BA 324 - Business Communication,https://guides.lib.utexas.edu/BA324
Business,Business Plans,https://guides.lib.utexas.edu/BusinessPlans
Business,"Business, Government & Society (BGS)",https://guides.lib.utexas.edu/BGS
Business,Career Research Tools,https://guides.lib.utexas.edu/CareerTools
Business,Company Research,https://guides.lib.utexas.edu/company
Business,Country Research,https://guides.lib.utexas.edu/country
Business,Data for Business Research,https://guides.lib.utexas.edu/DataBR
Business,Emerging Markets Country Reports,https://guides.lib.utexas.edu/emcr
Business,Finance (FIN),https://guides.lib.utexas.edu/FIN
Business,Financial Statement Analysis,https://guides.lib.utexas.edu/fsa
Business,Fulbright Visiting Scholar Program For Iraq,https://guides.lib.utexas.edu/FVSPI
Business,Human Dimensions of Organizations,https://guides.lib.utexas.edu/hdo
Business,IB 350 - International Trade & Investment,https://guides.lib.utexas.edu/ib350
Business,Industry Research,https://guides.lib.utexas.edu/industry
Business,"Information, Risk & Operations Management (IROM)",https://guides.lib.utexas.edu/IROM
Business,MAN 327 - Innovation & Entrepreneurship,https://guides.lib.utexas.edu/MAN327IE
Business,MAN 366P - MGMT PRACT: Social Entrepreneurship,https://guides.lib.utexas.edu/MPSE
Business,Management (MAN),https://guides.lib.utexas.edu/MAN
Business,Market Research,https://guides.lib.utexas.edu/market
Business,Marketing (MKT),https://guides.lib.utexas.edu/MKT
Business,MBA Strategic Career Planning,https://guides.lib.utexas.edu/mbascp
Business,MKT 460 - Information and Analysis,https://guides.lib.utexas.edu/mkt460
Business,MSBA Career Resources,https://guides.lib.utexas.edu/MSBACareer
Business,MSF Career Resources,https://guides.lib.utexas.edu/MSFcareer
Business,MSM Career Resources,https://guides.lib.utexas.edu/MSMcareer
Business,Technology Commercialization (MSTC),https://guides.lib.utexas.edu/MSTC
"Business, Government and Society",'BUSINESS RESEARCH CENTER',https://guides.lib.utexas.edu/BRC
"Business, Government and Society","Business, Government & Society (BGS)",https://guides.lib.utexas.edu/BGS
Caribbean Studies,Latin American Studies,https://guides.lib.utexas.edu/latinamericanstudies
Chemical Engineering,Chemical Engineering,https://guides.lib.utexas.edu/chemicalengineering
Chemical Engineering,Physical & Thermodynamic Properties,https://guides.lib.utexas.edu/chemistry/properties
Chemistry,Biochemistry,https://guides.lib.utexas.edu/biochemistry
Chemistry,Chemistry,https://guides.lib.utexas.edu/chemistry
Chemistry,Chemistry Guest Seminars,https://guides.lib.utexas.edu/chemistry/seminars
Chemistry,Physical & Thermodynamic Properties,https://guides.lib.utexas.edu/chemistry/properties
Chemistry,Spectra and Spectral Data,https://guides.lib.utexas.edu/chemistry/spectra
China Studies,China Studies,https://guides.lib.utexas.edu/China
China Studies,East Asian Studies,https://guides.lib.utexas.edu/EAS
China Studies,Taiwan Studies,https://guides.lib.utexas.edu/Taiwan
Civil and Architectural Engineering,"Civil, Architectural, and Environmental Engineering",https://guides.lib.utexas.edu/caee
Classics,Archaeology,https://guides.lib.utexas.edu/archaeology
Classics,Classics,https://guides.lib.utexas.edu/classics
Classics,Classics Library News,https://guides.lib.utexas.edu/ClassicsLibraryNews
Classics,"E 350E: Women in Love: Sappho, Dido, and Heloise",https://guides.lib.utexas.edu/e350womeninlove
Classics,Early Christianity,https://guides.lib.utexas.edu/earlychristianity
Classics,Greek and Latin Literature,https://guides.lib.utexas.edu/greek_latin
Classics,Greek and Roman Archaeology,https://guides.lib.utexas.edu/greekroman_arch
Classics,Greek and Roman Art,https://guides.lib.utexas.edu/greekroman_art
Classics,Greek and Roman Military History,https://guides.lib.utexas.edu/grecoroman_military
Classics,Greek and Roman Mythology,https://guides.lib.utexas.edu/greekroman_myth
Classics,KIN 349 จน History of Sport & Physical Activity - Beckwith,https://guides.lib.utexas.edu/KIN349
Classics,Medieval and Renaissance Studies,https://guides.lib.utexas.edu/mrs
Collections,Artists' Books at the Fine Arts Library,https://guides.lib.utexas.edu/artistsbooks
Collections,Black Queer Studies Collection,https://guides.lib.utexas.edu/bqsc
Collections,Film & Video Resources,https://guides.lib.utexas.edu/c.php?g=720098
Collections,Historical Music Recordings Collection,https://guides.lib.utexas.edu/hmrc
Collections,Maps,https://guides.lib.utexas.edu/maps
Collections,Zines,https://guides.lib.utexas.edu/zines
Communication Sciences and Disorders,Communication Sciences And Disorders,https://guides.lib.utexas.edu/CSD
Communication Studies,Communication Studies,https://guides.lib.utexas.edu/COM
Community and Regional Planning,ARTstor,https://guides.lib.utexas.edu/artstor
Community and Regional Planning,Community and Regional Planning,https://guides.lib.utexas.edu/crp
Community and Regional Planning,Digital Scholarship and the School of Architecture,https://guides.lib.utexas.edu/DS_SOA
Community and Regional Planning,Urban Design,https://guides.lib.utexas.edu/urban_design
Comparative Literature,Black Queer Studies Collection,https://guides.lib.utexas.edu/bqsc
Comparative Literature,E314,https://guides.lib.utexas.edu/e314
Computer Sciences,Computer Science,https://guides.lib.utexas.edu/CS
Consumer Health,"Individual & Population Variation in Biology, Medicine, & Society",https://guides.lib.utexas.edu/PopUpVariation
Consumer Health,Medicine,https://guides.lib.utexas.edu/medicine
Consumer Health,Nursing,https://guides.lib.utexas.edu/nursing
Curriculum and Instruction,Education Research,https://guides.lib.utexas.edu/education
Curriculum and Instruction,K-12 Textbooks,https://guides.lib.utexas.edu/k12textbooks
Curriculum and Instruction,Youth Literature,https://guides.lib.utexas.edu/youthlit
Dance,TD 301 - Introduction to Theatre / Carlson,https://guides.lib.utexas.edu/IntroductionToTheatre
Dance,"TD 311C - Performance as Public Practice / Bonin, Carlson, & Darlington",https://guides.lib.utexas.edu/PerformancePublicPractice
Dance,TD 388 - Research Methods and Resources - Alrutz,https://guides.lib.utexas.edu/td388research_resources
Dance,Theatre & Dance,https://guides.lib.utexas.edu/theatredance
Design,DES 309 - Introduction to Design - Catterall,https://guides.lib.utexas.edu/des309
Design,Design,https://guides.lib.utexas.edu/designguide
Digital Scholarship,Data & Donuts,https://guides.lib.utexas.edu/data-and-donuts
Digital Scholarship,Data Lab,https://guides.lib.utexas.edu/datalab
Digital Scholarship,Data Visualization,https://guides.lib.utexas.edu/data-visualization
Digital Scholarship,Digital Humanities Tools and Resources,https://guides.lib.utexas.edu/digitalhumanities
Digital Scholarship,Finding Humanities Data,https://guides.lib.utexas.edu/c.php?g=815698
Digital Scholarship,Omeka,https://guides.lib.utexas.edu/omeka
Digital Scholarship,Preserving Web Sites using WinHTTrack,https://guides.lib.utexas.edu/WinHTTrack_Guide
Digital Scholarship,Scraping Twitter,https://guides.lib.utexas.edu/c.php?g=743999
Digital Scholarship,Text Analysis,https://guides.lib.utexas.edu/c.php?g=773325
Disability Studies,Counseling and Therapy,https://guides.lib.utexas.edu/counseling
Disability Studies,Disability Studies,https://guides.lib.utexas.edu/disabilitystudies
Dutch Literature,Dutch Literature,https://guides.lib.utexas.edu/dutch_lit
East Asian Studies,China Studies,https://guides.lib.utexas.edu/China
East Asian Studies,East Asian Studies,https://guides.lib.utexas.edu/EAS
East Asian Studies,Japan Studies,https://guides.lib.utexas.edu/Japan
East Asian Studies,Korea Studies,https://guides.lib.utexas.edu/Korea
East Asian Studies,Taiwan Studies,https://guides.lib.utexas.edu/Taiwan
Economics,Data for Business Research,https://guides.lib.utexas.edu/DataBR
Economics,Economics,https://guides.lib.utexas.edu/economic
Education,Disability Studies,https://guides.lib.utexas.edu/disabilitystudies
Education,Education Research,https://guides.lib.utexas.edu/education
Education,Educational Psychology,https://guides.lib.utexas.edu/edpsych
Education,K-12 Textbooks,https://guides.lib.utexas.edu/k12textbooks
Education,Kinesiology & Health Education,https://guides.lib.utexas.edu/kinesiology
Education,Special Education Research,https://guides.lib.utexas.edu/specialeducation
Education,Tests & Measures,https://guides.lib.utexas.edu/tests
Education,UT Elementary School,https://guides.lib.utexas.edu/UTelementary
Education,Youth Literature,https://guides.lib.utexas.edu/youthlit
Educational Administration,EDA 383 School Community Relations,https://guides.lib.utexas.edu/education/assetmapping
Educational Administration,Education Research,https://guides.lib.utexas.edu/education
Educational Administration,K-12 Textbooks,https://guides.lib.utexas.edu/k12textbooks
Educational Psychology,Counseling and Therapy,https://guides.lib.utexas.edu/counseling
Educational Psychology,Education Research,https://guides.lib.utexas.edu/education
Educational Psychology,Educational Psychology,https://guides.lib.utexas.edu/edpsych
Educational Psychology,Tests & Measures,https://guides.lib.utexas.edu/tests
Electrical and Computer Engineering,Electrical and Computer Engineering,https://guides.lib.utexas.edu/ece
Electrical and Computer Engineering,Patent Information for EE 364D Introduction To Engineering Design - Hallock,https://guides.lib.utexas.edu/ee364d
Engineering,Aerospace Engineering,https://guides.lib.utexas.edu/aerospace
Engineering,ASE 333T - Engineering Communication,https://guides.lib.utexas.edu/ase333t-engineering-communication
Engineering,Biomedical Engineering,https://guides.lib.utexas.edu/bme
Engineering,BME 197E - Professional Responsibilities,https://guides.lib.utexas.edu/bme197e-professional-responsibilities
Engineering,BME 333T - Engineering Communication,https://guides.lib.utexas.edu/bme333t-engineering-communication
Engineering,CE 301 - Civil Engineering Systems,https://guides.lib.utexas.edu/ce301-civil-engineering-systems
Engineering,ChE 333T - Engineering Communication,https://guides.lib.utexas.edu/che333t-engineering-communication
Engineering,Chemical Engineering,https://guides.lib.utexas.edu/chemicalengineering
Engineering,Cite your Sources: Engineering Resources,https://guides.lib.utexas.edu/cite
Engineering,"Civil, Architectural, and Environmental Engineering",https://guides.lib.utexas.edu/caee
Engineering,EE 333T - Engineering Communication,https://guides.lib.utexas.edu/ee333t-engineering-communication
Engineering,Electrical and Computer Engineering,https://guides.lib.utexas.edu/ece
Engineering,Energy Resources,https://guides.lib.utexas.edu/energy
Engineering,Engineering Societies Digital Collections,https://guides.lib.utexas.edu/societies
Engineering,Ethics in Engineering,https://guides.lib.utexas.edu/ethics
Engineering,Find Funding Opportunities,https://guides.lib.utexas.edu/findfunding
Engineering,History of the McKinney Engineering Library,https://guides.lib.utexas.edu/mckinney
Engineering,Materials Science and Engineering,https://guides.lib.utexas.edu/materials
Engineering,ME 333T - Engineering Communication,https://guides.lib.utexas.edu/me333t-engineering-communication
Engineering,Mechanical Engineering,https://guides.lib.utexas.edu/mech
Engineering,"Patents, Trademarks, and Copyright",https://guides.lib.utexas.edu/ip
Engineering,Petroleum and Geosystems Engineering,https://guides.lib.utexas.edu/pge
Engineering,Phase Diagrams,https://guides.lib.utexas.edu/phase
Engineering,"Standards, Codes, & Specifications",https://guides.lib.utexas.edu/standards
Engineering,Technical Reports,https://guides.lib.utexas.edu/techreports
Engineering,Using Patent Databases and Finding Patents,https://guides.lib.utexas.edu/findpatents
English Literature,Black Queer Studies Collection,https://guides.lib.utexas.edu/bqsc
English Literature,C L 323 - HANS CHRISTIAN ANDERSEN - Cortsen,https://guides.lib.utexas.edu/Hans
English Literature,"E 350E: Women in Love: Sappho, Dido, and Heloise",https://guides.lib.utexas.edu/e350womeninlove
English Literature,E314,https://guides.lib.utexas.edu/e314
English Literature,English Literature,https://guides.lib.utexas.edu/englishlit
English Literature,Folklore,https://guides.lib.utexas.edu/folklore
English Literature,UT Poetry Center,https://guides.lib.utexas.edu/utpc
Entertainment Technologies,Arts and Entertainment Technologies,https://guides.lib.utexas.edu/aet
European Studies,C L 323 - HANS CHRISTIAN ANDERSEN - Cortsen,https://guides.lib.utexas.edu/Hans
European Studies,European Studies,https://guides.lib.utexas.edu/europeanstudies
European Studies,Finding Humanities Data,https://guides.lib.utexas.edu/c.php?g=815698
Faculty Tools,Faculty Resources,https://guides.lib.utexas.edu/facultyresources
Faculty Tools,Faculty Workshop: Writing in the Disciplines,https://guides.lib.utexas.edu/writingworkshop
Faculty Tools,Gems at the UT Libraries,https://guides.lib.utexas.edu/gems
Faculty Tools,Information Literacy Toolkit,https://guides.lib.utexas.edu/toolkit
Faculty Tools,Library Support for Signature Course (UGS) Faculty,https://guides.lib.utexas.edu/ugsfaculty
Faculty Tools,UGS TA Resources,https://guides.lib.utexas.edu/UGSTA
Finance,'BUSINESS RESEARCH CENTER',https://guides.lib.utexas.edu/BRC
Finance,Finance (FIN),https://guides.lib.utexas.edu/FIN
Finance,MSF Career Resources,https://guides.lib.utexas.edu/MSFcareer
Folklore,Folklore,https://guides.lib.utexas.edu/folklore
French Studies,French Studies,https://guides.lib.utexas.edu/frenchstudies
Geographic Information Systems (GIS),Ethics & Applications of Geospatial Technologies,https://guides.lib.utexas.edu/grg356t
Geographic Information Systems (GIS),Find Geospatial Data Online,https://guides.lib.utexas.edu/sources_of_geospatial_data
Geographic Information Systems (GIS),Install GIS Software,https://guides.lib.utexas.edu/install_gis_software
Geographic Information Systems (GIS),Sources of GIS News and Information,https://guides.lib.utexas.edu/gis_news_sources
Geography,Ethics & Applications of Geospatial Technologies,https://guides.lib.utexas.edu/grg356t
Geography,Find Geospatial Data Online,https://guides.lib.utexas.edu/sources_of_geospatial_data
Geography,Geography,https://guides.lib.utexas.edu/geography
Geography,"GRG 344K/LAS 330 - Global Food, Farming & Hunger",https://guides.lib.utexas.edu/GRGLAS
Geography,Install GIS Software,https://guides.lib.utexas.edu/install_gis_software
Geography,Sources of GIS News and Information,https://guides.lib.utexas.edu/gis_news_sources
Geological Sciences,Energy Resources,https://guides.lib.utexas.edu/energy
Geological Sciences,Geosciences,https://guides.lib.utexas.edu/geo
Germanic Studies,Folklore,https://guides.lib.utexas.edu/folklore
Germanic Studies,Germanic Studies,https://guides.lib.utexas.edu/germanicstudies
Greek and Latin Language and Literature,Classics,https://guides.lib.utexas.edu/classics
Greek and Latin Language and Literature,Medieval and Renaissance Studies,https://guides.lib.utexas.edu/mrs
Health Sciences,Counseling and Therapy,https://guides.lib.utexas.edu/counseling
Health Sciences,Dell Medical School Library Tutorials,https://guides.lib.utexas.edu/dellmedtutorials
Health Sciences,Disability Studies,https://guides.lib.utexas.edu/disabilitystudies
Health Sciences,Health & Humanities,https://guides.lib.utexas.edu/PopUpHealthandHumanities
Health Sciences,"Individual & Population Variation in Biology, Medicine, & Society",https://guides.lib.utexas.edu/PopUpVariation
Health Sciences,Medicine,https://guides.lib.utexas.edu/medicine
Health Sciences,Nursing,https://guides.lib.utexas.edu/nursing
Health Sciences,Pharmacy,https://guides.lib.utexas.edu/pharmacy
Health Sciences,Public Health,https://guides.lib.utexas.edu/pbh
Health Sciences,Science Communication,https://guides.lib.utexas.edu/sciencecommunication
Health Sciences,Youth Substance Misuse,https://guides.lib.utexas.edu/youthsubstancemisuse
Hebrew Studies,Hebrew / Jewish / Israel Studies,https://guides.lib.utexas.edu/hebrew-jewish-israel
Historic Preservation,ARTstor,https://guides.lib.utexas.edu/artstor
Historic Preservation,Digital Scholarship and the School of Architecture,https://guides.lib.utexas.edu/DS_SOA
Historic Preservation,Historic Preservation,https://guides.lib.utexas.edu/historicpreservation
Historic Preservation,Preserving Web Sites using WinHTTrack,https://guides.lib.utexas.edu/WinHTTrack_Guide
Historic Preservation,Texas Architects and Architecture,https://guides.lib.utexas.edu/texas_arch
History,Guide to the British Parliamentary Papers,https://guides.lib.utexas.edu/BPP
History,History,https://guides.lib.utexas.edu/history
History,KIN 349 จน History of Sport & Physical Activity - Beckwith,https://guides.lib.utexas.edu/KIN349
How To,2018 Images of Research Competition,https://guides.lib.utexas.edu/2018ImagesofResearch
How To,Access the Library After Graduation,https://guides.lib.utexas.edu/aftergraduation
How To,Choose a Topic,https://guides.lib.utexas.edu/choosetopic
How To,Cite Sources,https://guides.lib.utexas.edu/citesources
How To,Electronic Resources: Troubleshooting,https://guides.lib.utexas.edu/ETS
How To,Evaluate Sources,https://guides.lib.utexas.edu/evaluate
How To,Find Articles,https://guides.lib.utexas.edu/articles
How To,Find Background Information,https://guides.lib.utexas.edu/backgroundinformation
How To,Find Book Reviews & Literary Criticism,https://guides.lib.utexas.edu/bookreviews
How To,Find Books,https://guides.lib.utexas.edu/books
How To,Find Conference Proceedings,https://guides.lib.utexas.edu/conferenceproceedings
How To,"Find Dissertations, Theses, and Reports",https://guides.lib.utexas.edu/dissertations
How To,Find ebooks,https://guides.lib.utexas.edu/ebooks
How To,Find Funding Opportunities,https://guides.lib.utexas.edu/findfunding
How To,Find Geospatial Data Online,https://guides.lib.utexas.edu/sources_of_geospatial_data
How To,Find Information on Local Issues,https://guides.lib.utexas.edu/localissues
How To,"Find Opinions, Editorials, and Viewpoints",https://guides.lib.utexas.edu/editorials
How To,Find Primary Sources,https://guides.lib.utexas.edu/primarysources
How To,Find Social Sciences Data,https://guides.lib.utexas.edu/socscidata
How To,"Find Statistics, Demographics, and Public Opinion Polls",https://guides.lib.utexas.edu/stats_polls
How To,Find STEM Data Sources,https://guides.lib.utexas.edu/stemdata
How To,Finding Journal Articles 101,https://guides.lib.utexas.edu/c.php?g=556926
How To,Foreign Language Learning & Education,https://guides.lib.utexas.edu/ForeignLanguageLearning
How To,Get Started with Research,https://guides.lib.utexas.edu/default
How To,Google Scholar,https://guides.lib.utexas.edu/googlescholar
How To,Install GIS Software,https://guides.lib.utexas.edu/install_gis_software
How To,"Popular, Scholarly, or Trade?",https://guides.lib.utexas.edu/popularscholarlytrade
How To,Preserving Web Sites using WinHTTrack,https://guides.lib.utexas.edu/WinHTTrack_Guide
How To,Save Money with the UT Libraries,https://guides.lib.utexas.edu/savemoney
How To,Scraping Twitter,https://guides.lib.utexas.edu/c.php?g=743999
How To,Test Preparation,https://guides.lib.utexas.edu/testpreparation
How To,Tests & Measures,https://guides.lib.utexas.edu/tests
How To,UT Libraries Self-Guided Tour,https://guides.lib.utexas.edu/librarytour
How To,UWC Consultants,https://guides.lib.utexas.edu/uwc
Human Development and Family Sciences,Disability Studies,https://guides.lib.utexas.edu/disabilitystudies
Human Development and Family Sciences,HDF 338 - Developmentally Appropriate Practices With Young Children,https://guides.lib.utexas.edu/hdf338
Human Development and Family Sciences,HDF 372K - Families in Transition,https://guides.lib.utexas.edu/hdf372k
Human Development and Family Sciences,HDF 378L - Theories of Child and Family Development,https://guides.lib.utexas.edu/hdf378l
Human Development and Family Sciences,Human Development & Family Sciences,https://guides.lib.utexas.edu/hdfs
Human Dimensions of Organizations,HDO 379 - Applying Human Dimensions of Organizations,https://guides.lib.utexas.edu/hdo379
Human Dimensions of Organizations,Human Dimensions of Organizations,https://guides.lib.utexas.edu/hdo
Human Dimensions of Organizations,Psychology,https://guides.lib.utexas.edu/psychology
Human Rights,Disability Studies,https://guides.lib.utexas.edu/disabilitystudies
Human Rights,Human Rights,https://guides.lib.utexas.edu/humanrights
Iberian Studies,Iberian Studies,https://guides.lib.utexas.edu/iberian
Images,Art and Art History,https://guides.lib.utexas.edu/art
Images,ARTstor,https://guides.lib.utexas.edu/artstor
Images,Images,https://guides.lib.utexas.edu/images
Images,"Visual Resources Collection, Fine Arts Library",https://guides.lib.utexas.edu/c.php?g=518591
Interior Design,ARTstor,https://guides.lib.utexas.edu/artstor
Interior Design,Digital Scholarship and the School of Architecture,https://guides.lib.utexas.edu/DS_SOA
Interior Design,Interior Design,https://guides.lib.utexas.edu/interior_design
International Business,'BUSINESS RESEARCH CENTER',https://guides.lib.utexas.edu/BRC
International Business,IB 350 - International Trade & Investment,https://guides.lib.utexas.edu/ib350
"IROM (Information, Risk, and Operations Management)",'BUSINESS RESEARCH CENTER',https://guides.lib.utexas.edu/BRC
"IROM (Information, Risk, and Operations Management)","Information, Risk & Operations Management (IROM)",https://guides.lib.utexas.edu/IROM
"IROM (Information, Risk, and Operations Management)",MSBA Career Resources,https://guides.lib.utexas.edu/MSBACareer
Israel Studies,Hebrew / Jewish / Israel Studies,https://guides.lib.utexas.edu/hebrew-jewish-israel
Italian Studies,Italian Studies,https://guides.lib.utexas.edu/italianstudies
Japan Studies,East Asian Studies,https://guides.lib.utexas.edu/EAS
Japan Studies,Japan Studies,https://guides.lib.utexas.edu/Japan
Jewish Studies,Hebrew / Jewish / Israel Studies,https://guides.lib.utexas.edu/hebrew-jewish-israel
Journalism,Journalism,https://guides.lib.utexas.edu/JOU
Kinesiology and Health Education,HED 329 - Child & Adolescent Health,https://guides.lib.utexas.edu/HED329
Kinesiology and Health Education,HED 335 - Theories of Substance Use and Abuse,https://guides.lib.utexas.edu/hed335
Kinesiology and Health Education,HED 351 - Needs Assessment and Program Planning,https://guides.lib.utexas.edu/hed351
Kinesiology and Health Education,KIN 349 จน History of Sport & Physical Activity - Beckwith,https://guides.lib.utexas.edu/KIN349
Kinesiology and Health Education,KIN 352K -- Research Methods in Exercise Science - Lalande,https://guides.lib.utexas.edu/KIN352K
Kinesiology and Health Education,Kinesiology & Health Education,https://guides.lib.utexas.edu/kinesiology
Korea Studies,East Asian Studies,https://guides.lib.utexas.edu/EAS
Korea Studies,Korea Studies,https://guides.lib.utexas.edu/Korea
Landscape Architecture,ARTstor,https://guides.lib.utexas.edu/artstor
Landscape Architecture,Digital Scholarship and the School of Architecture,https://guides.lib.utexas.edu/DS_SOA
Landscape Architecture,Landscape Architecture,https://guides.lib.utexas.edu/land_arch
Latin American Studies,Latin American Studies,https://guides.lib.utexas.edu/latinamericanstudies
Latin@ Studies,Afro-Latin@ Studies,https://guides.lib.utexas.edu/c.php?g=699087
Latin@ Studies,Chican@ Art,https://guides.lib.utexas.edu/chicanaart
Latin@ Studies,Chicana Studies,https://guides.lib.utexas.edu/chicanisma
Latin@ Studies,Latina/Latino Studies,https://guides.lib.utexas.edu/latina_latino_studies
Latin@ Studies,MAS 301 Intr Mex Amer Latina/O Studies,https://guides.lib.utexas.edu/c.php?g=779891
Latin@ Studies,Mexican American Literature,https://guides.lib.utexas.edu/mexicanamericanliterature
Latin@ Studies,U.S. Latin@ Film,https://guides.lib.utexas.edu/latinofilm
Latin@ Studies,U.S. Latin@ History,https://guides.lib.utexas.edu/latinohistory
Latin@ Studies,U.S. Latin@ Literature,https://guides.lib.utexas.edu/latinoliterature
Latin@ Studies,U.S. Latin@ Psychology,https://guides.lib.utexas.edu/latinapsychology
Latin@ Studies,U.S. Latin@ Speech Communities,https://guides.lib.utexas.edu/latinospeechcommunities
Latin@ Studies,"U.S. Latin@ Teatro, Performance and New Media Studies",https://guides.lib.utexas.edu/Latinateatroperformance
Latin@ Studies,U.S. Latinx LGBTQ Studies,https://guides.lib.utexas.edu/latinxlgbtq
LGBTQ Studies,Black Queer Studies Collection,https://guides.lib.utexas.edu/bqsc
LGBTQ Studies,Disability Studies,https://guides.lib.utexas.edu/disabilitystudies
LGBTQ Studies,LGBTQA+ Studies,https://guides.lib.utexas.edu/lgbtq
LGBTQ Studies,Women's & Gender Studies,https://guides.lib.utexas.edu/wgs
Library and Information Science,Library & Information Science,https://guides.lib.utexas.edu/LIS
Library and Information Science,Metadata Basics,https://guides.lib.utexas.edu/metadata-basics
Library and Information Science,Preserving Web Sites using WinHTTrack,https://guides.lib.utexas.edu/WinHTTrack_Guide
Library and Information Science,Youth Literature,https://guides.lib.utexas.edu/youthlit
Linguistics,Linguistics,https://guides.lib.utexas.edu/linguistics
Management,'BUSINESS RESEARCH CENTER',https://guides.lib.utexas.edu/BRC
Management,MAN 327 - Innovation & Entrepreneurship,https://guides.lib.utexas.edu/MAN327IE
Management,MAN 366P - MGMT PRACT: Social Entrepreneurship,https://guides.lib.utexas.edu/MPSE
Management,Management (MAN),https://guides.lib.utexas.edu/MAN
Marine Science,Marine Science,https://guides.lib.utexas.edu/marinescience
Marketing,'BUSINESS RESEARCH CENTER',https://guides.lib.utexas.edu/BRC
Marketing,Marketing (MKT),https://guides.lib.utexas.edu/MKT
Marketing,MSM Career Resources,https://guides.lib.utexas.edu/MSMcareer
Materials Science,Materials Science and Engineering,https://guides.lib.utexas.edu/materials
Mathematics,Mathematics,https://guides.lib.utexas.edu/math
Mechanical Engineering,ME 302 - Introduction to Engineering Design & Graphics,https://guides.lib.utexas.edu/me302
Mechanical Engineering,Mechanical Engineering,https://guides.lib.utexas.edu/mech
Medieval and Renaissance Studies,Medieval and Renaissance Studies,https://guides.lib.utexas.edu/mrs
Mexican Studies,Latin American Studies,https://guides.lib.utexas.edu/latinamericanstudies
Middle East Studies,Middle Eastern Studies,https://guides.lib.utexas.edu/mes
Military Science,Greek and Roman Military History,https://guides.lib.utexas.edu/grecoroman_military
Music,Historical Music Recordings Collection,https://guides.lib.utexas.edu/hmrc
Music,MUS 302L - Introduction to Western Music - Ovalle & Liu,https://guides.lib.utexas.edu/mus302l
Music,MUS 307 - History of Rock Music,https://guides.lib.utexas.edu/mus307_2
Music,MUS 381 - Reference and Research Materials in Music - Olivieri & Maggart Butler,https://guides.lib.utexas.edu/mus381
Music,Music,https://guides.lib.utexas.edu/music
Music,Music and Human Learning Resources,https://guides.lib.utexas.edu/musichumanlearning
Native American and Indigenous Studies,Native American and Indigenous Studies,https://guides.lib.utexas.edu/nais
Nursing,Nursing,https://guides.lib.utexas.edu/nursing
Nursing,Public Health,https://guides.lib.utexas.edu/pbh
Nursing,Tests & Measures,https://guides.lib.utexas.edu/tests
Nutrition and Food,Nutritional Sciences,https://guides.lib.utexas.edu/nutrition
Persian,Middle Eastern Studies,https://guides.lib.utexas.edu/mes
Petroleum Engineering,Petroleum and Geosystems Engineering,https://guides.lib.utexas.edu/pge
Pharmacy,Pharmacy,https://guides.lib.utexas.edu/pharmacy
Philosophy,Philosophy,https://guides.lib.utexas.edu/philosophy
Physics,Physics,https://guides.lib.utexas.edu/physics
Political Science and Government,Political Science and Government,https://guides.lib.utexas.edu/politicalscience
Psychology,Counseling and Therapy,https://guides.lib.utexas.edu/counseling
Psychology,Disability Studies,https://guides.lib.utexas.edu/disabilitystudies
Psychology,Human Dimensions of Organizations,https://guides.lib.utexas.edu/hdo
Psychology,PSY 301 - Introduction to Psychology,https://guides.lib.utexas.edu/psy301
Psychology,PSY 333P - Child Language,https://guides.lib.utexas.edu/psy333p
Psychology,PSY 418 - Statistics and Research Design,https://guides.lib.utexas.edu/psy418
Psychology,Psychology,https://guides.lib.utexas.edu/psychology
Psychology,Psychology SURE Program,https://guides.lib.utexas.edu/sure
Psychology,Tests & Measures,https://guides.lib.utexas.edu/tests
Public Affairs,Disability Studies,https://guides.lib.utexas.edu/disabilitystudies
Public Affairs,Public Affairs,https://guides.lib.utexas.edu/c.php?g=529969
Public Health,Disability Studies,https://guides.lib.utexas.edu/disabilitystudies
Public Health,"Individual & Population Variation in Biology, Medicine, & Society",https://guides.lib.utexas.edu/PopUpVariation
Public Health,Medicine,https://guides.lib.utexas.edu/medicine
Public Health,Nursing,https://guides.lib.utexas.edu/nursing
Public Health,Public Health,https://guides.lib.utexas.edu/pbh
Public Relations,Advertising and Public Relations,https://guides.lib.utexas.edu/ADVPR
Radio-Television-Film,Film & Video Resources,https://guides.lib.utexas.edu/c.php?g=720098
Radio-Television-Film,"Radio, Television, and Film (RTF)",https://guides.lib.utexas.edu/RTF
Radio-Television-Film,Russian Cinema,https://guides.lib.utexas.edu/russiancinema
Religious Studies,R S 353E - Beyond the New Testament,https://guides.lib.utexas.edu/newtest
Religious Studies,Religious Studies,https://guides.lib.utexas.edu/religion
Rhetoric,RHE 398T Help Materials,https://guides.lib.utexas.edu/rhe398t
Rhetoric,Rhetoric,https://guides.lib.utexas.edu/RHE
Rhetoric,SPURS - guide for instructors,https://guides.lib.utexas.edu/spurs
Russian Literature,Russian Literature,https://guides.lib.utexas.edu/russian_lit
Slavic and Eurasian Studies,Bosnian-Croatian-Serbian Studies,https://guides.lib.utexas.edu/c.php?g=575493
Slavic and Eurasian Studies,Czech Studies,https://guides.lib.utexas.edu/czechstudies
Slavic and Eurasian Studies,Polish Studies,https://guides.lib.utexas.edu/polishstudies
Slavic and Eurasian Studies,Russian Cinema,https://guides.lib.utexas.edu/russiancinema
Slavic and Eurasian Studies,Slavic and Eurasian Studies,https://guides.lib.utexas.edu/SES
Social Work,Counseling and Therapy,https://guides.lib.utexas.edu/counseling
Social Work,Disability Studies,https://guides.lib.utexas.edu/disabilitystudies
Social Work,S W 310 - Introduction to Social Work and Social Welfare,https://guides.lib.utexas.edu/sw310
Social Work,S W 313 - Social Work Research Methods,https://guides.lib.utexas.edu/sw313
Social Work,S W 325 - Foundations of Social Justice,https://guides.lib.utexas.edu/sw325
Social Work,S W 327 - Human Behavior & the Social Environment,https://guides.lib.utexas.edu/sw327
Social Work,S W 360K - Social Work,https://guides.lib.utexas.edu/sw360k
Social Work,S W 381R - Human Behavior & the Social Environment,https://guides.lib.utexas.edu/sw381r
Social Work,Social Work,https://guides.lib.utexas.edu/socialwork
Social Work,Tests & Measures,https://guides.lib.utexas.edu/tests
Sociology,Disability Studies,https://guides.lib.utexas.edu/disabilitystudies
Sociology,Find Social Sciences Data,https://guides.lib.utexas.edu/socscidata
Sociology,H S 310P/SOC 302P - Physical Activity/Society,https://guides.lib.utexas.edu/soc302p
Sociology,H S 378 - Seminar in Health & Society,https://guides.lib.utexas.edu/hs378
Sociology,SOC 302 - Introduction to the Study of Society,https://guides.lib.utexas.edu/soc302
Sociology,SOC 304 - Physical Activity in Society,https://guides.lib.utexas.edu/soc304
Sociology,SOC 317M - Introduction to Social Research,https://guides.lib.utexas.edu/soc317m
Sociology,SOC 336C - American Dilemmas,https://guides.lib.utexas.edu/soc336c
Sociology,Sociology,https://guides.lib.utexas.edu/sociology
South Asian Studies,South Asian Popular and Pulp Fiction,https://guides.lib.utexas.edu/southasianpopandpulpfiction
South Asian Studies,South Asian Studies,https://guides.lib.utexas.edu/southasianstudies
Special Education,Disability Studies,https://guides.lib.utexas.edu/disabilitystudies
Special Education,Education Research,https://guides.lib.utexas.edu/education
Special Education,Special Education Research,https://guides.lib.utexas.edu/specialeducation
Special Education,Tests & Measures,https://guides.lib.utexas.edu/tests
Sustainable Design,ARTstor,https://guides.lib.utexas.edu/artstor
Sustainable Design,Digital Scholarship and the School of Architecture,https://guides.lib.utexas.edu/DS_SOA
Sustainable Design,Sustainable Design,https://guides.lib.utexas.edu/sustainable_design
Taiwan Studies,Taiwan Studies,https://guides.lib.utexas.edu/Taiwan
Technology Commercialization,'BUSINESS RESEARCH CENTER',https://guides.lib.utexas.edu/BRC
Technology Commercialization,Technology Commercialization (MSTC),https://guides.lib.utexas.edu/MSTC
Textiles and Apparel,Costume Resources,https://guides.lib.utexas.edu/costumeresources
Textiles and Apparel,Textiles & Apparel,https://guides.lib.utexas.edu/textilesapparel
Textiles and Apparel,TXA 105L - Textiles Lab/Gil Fandino,https://guides.lib.utexas.edu/textileslab
Textiles and Apparel,TXA 328 - Research Methods in Textiles and Apparel - Polston,https://guides.lib.utexas.edu/txa328
Theatre,Costume Resources,https://guides.lib.utexas.edu/costumeresources
Theatre,TD 301 - Introduction to Theatre / Carlson,https://guides.lib.utexas.edu/IntroductionToTheatre
Theatre,"TD 311C - Performance as Public Practice / Bonin, Carlson, & Darlington",https://guides.lib.utexas.edu/PerformancePublicPractice
Theatre,TD 354T / Design Skills: Costume / Mickey,https://guides.lib.utexas.edu/DesignSkills
Theatre,TD 388 - Research Methods and Resources - Alrutz,https://guides.lib.utexas.edu/td388research_resources
Theatre,Theatre & Dance,https://guides.lib.utexas.edu/theatredance
Turkish,Middle Eastern Studies,https://guides.lib.utexas.edu/mes
Undergraduate Studies,2018 Images of Research Competition,https://guides.lib.utexas.edu/2018ImagesofResearch
Undergraduate Studies,Don't see your class? Get started with research here.,https://guides.lib.utexas.edu/c.php?g=569731
Undergraduate Studies,Signature Course Information Literacy Award,https://guides.lib.utexas.edu/infoliteracyaward
Undergraduate Studies,TC 302 - College and Controversy - Mickenberg,https://guides.lib.utexas.edu/TC302Mickenberg
Undergraduate Studies,"TC 302 - Immigration and American Dream, Dr. John Gonzalez",https://guides.lib.utexas.edu/c.php?g=541168
Undergraduate Studies,TC 302: History of the Self - Matysik,https://guides.lib.utexas.edu/tc302matysik
Undergraduate Studies,"UGS 302 - Hollywood Holocaust, Prof. Pascale Bos",https://guides.lib.utexas.edu/c.php?g=579308
Undergraduate Studies,UGS 302 - Discovery of Freedom - Woodruff,https://guides.lib.utexas.edu/woodruff
Undergraduate Studies,"UGS 302 - Good, Bad, Ugly in Chinese Lit, Dr. Chiu-Mi Lai",https://guides.lib.utexas.edu/c.php?g=549624
Undergraduate Studies,UGS 302 - Hidden Treasures of Plants - Roux,https://guides.lib.utexas.edu/UGS302Roux
Undergraduate Studies,"UGS 302 - Identity Development in a Multicultural World, Dr. Leslie Moore",https://guides.lib.utexas.edu/c.php?g=550853
Undergraduate Studies,"UGS 302 - Italian Drama: Page to Stage, Dr. Antonella Olson",https://guides.lib.utexas.edu/c.php?g=542533
Undergraduate Studies,UGS 302 - Languages and Cultures of Amazonia - Epps,https://guides.lib.utexas.edu/UGSEpps
Undergraduate Studies,UGS 302 - Music and Psychology - Domjan,https://guides.lib.utexas.edu/UGS302MDomjan
Undergraduate Studies,UGS 302 - Tales of the Trojan War - Rabinowitz,https://guides.lib.utexas.edu/ugs302rabinowitz
Undergraduate Studies,"UGS 302 - The American Experience as Told through Autobiographies, Hillman",https://guides.lib.utexas.edu/c.php?g=527669
Undergraduate Studies,UGS 302: Brazilian Studies - Afolabi,https://guides.lib.utexas.edu/ugs303afolabi
Undergraduate Studies,UGS 302: Chinese Politics/Society in Film - Lu,https://guides.lib.utexas.edu/ugs303lu
Undergraduate Studies,UGS 302: Contemporary Topics in Pharmacy-Based Healthcare - Karboski,https://guides.lib.utexas.edu/UGS302karboski
Undergraduate Studies,UGS 302: How to Change the World - Padilla,https://guides.lib.utexas.edu/ugs302padilla
Undergraduate Studies,UGS 302: Immigrant students in US Schools- Callahan,https://guides.lib.utexas.edu/c.php?g=875376
Undergraduate Studies,"UGS 302: Leaders and Leadership: Pericles, Alcibiades, and Alexander the Great - Carusi",https://guides.lib.utexas.edu/c.php?g=645020
Undergraduate Studies,UGS 302: Marketing for Social Profit - Golden,https://guides.lib.utexas.edu/ugs303golden
Undergraduate Studies,UGS 302: Meet Your Biological Clock / Schwartz,https://guides.lib.utexas.edu/ugs302schwartz
Undergraduate Studies,UGS 302: Religious Freedom in the US - Graber,https://guides.lib.utexas.edu/ugs302Graber
Undergraduate Studies,UGS 302: Role of Technology Among Youth - Hughes,https://guides.lib.utexas.edu/UGS302Hughes
Undergraduate Studies,UGS 302: Self Care and OTC Products - Acosta,https://guides.lib.utexas.edu/UGS302Acosta
Undergraduate Studies,UGS 302: Spectacle as a Political Tool / Sanchez,https://guides.lib.utexas.edu/ugs302sanchez
Undergraduate Studies,UGS 302: The Development of Moral Action / Repp,https://guides.lib.utexas.edu/ugs302repp
Undergraduate Studies,UGS 302: The Sociology of Interpersonal Relationships / Lin,https://guides.lib.utexas.edu/ugs302lin
Undergraduate Studies,UGS 302: Who Owns the Past - Walthall,https://guides.lib.utexas.edu/ugs302Walthall
Undergraduate Studies,"UGS 303 - Disability and the Media, Dr. Jim Patton",https://guides.lib.utexas.edu/c.php?g=539504
Undergraduate Studies,UGS 303 - Entrepreneurship - Webber,https://guides.lib.utexas.edu/UGS302Webber
Undergraduate Studies,UGS 303 - Heroes of Ancient Greece - White,https://guides.lib.utexas.edu/c.php?g=873043
Undergraduate Studies,UGS 303 - Love in Times of Stress: Dr. Gabriela Polit,https://guides.lib.utexas.edu/c.php?g=547786
Undergraduate Studies,"UGS 303 - Originality in the Arts and Sciences, Dr. Arturo De Lozanne",https://guides.lib.utexas.edu/c.php?g=550342
Undergraduate Studies,"UGS 303 - Social Scientific Imagination, Dr. Javier Auyero",https://guides.lib.utexas.edu/imagination
Undergraduate Studies,UGS 303 - Voyages that Changed the World - Belgum,https://guides.lib.utexas.edu/UGS303Belgum
Undergraduate Studies,"UGS 303: Capturing Creativity, Michelle Habeck",https://guides.lib.utexas.edu/c.php?g=866327
Undergraduate Studies,UGS 303: Dancing America - Rossen,https://guides.lib.utexas.edu/ugs303rossen
Undergraduate Studies,UGS 303: Dealing with Disaster in the Ancient World / Taylor,https://guides.lib.utexas.edu/ugs303taylor
Undergraduate Studies,"UGS 303: Gameplan for Winning at Life, Daron Roberts, J.D.",https://guides.lib.utexas.edu/c.php?g=725301
Undergraduate Studies,UGS 303: Jerusalem / Kaplan,https://guides.lib.utexas.edu/ugs303kaplan
Undergraduate Studies,UGS 303: News Literacy: A Citizen's Guide / Reese,https://guides.lib.utexas.edu/ugs303reese
Undergraduate Studies,"UGS 303: Road Movies and Quixotic Journeys, Prof. Cory Reed",https://guides.lib.utexas.edu/c.php?g=620918
Undergraduate Studies,UGS 303: Scientifc Inquiry Across the Disciplines - Gonzalez,https://guides.lib.utexas.edu/SIADgonzalez
Undergraduate Studies,"UGS 303: Sleep, Are We Getting Enough? - Carter",https://guides.lib.utexas.edu/UGS303sleep
Undergraduate Studies,UGS 303: The Challenge of the Greeks - Pangle,https://guides.lib.utexas.edu/pangle
Undergraduate Studies,UGS 303: Visual Sociology / Pettit,https://guides.lib.utexas.edu/ugs303pettit
Undergraduate Studies,UGS 303: Worlds of Hip Hop - Makalani,https://guides.lib.utexas.edu/ugs303makalani
Urban Design,ARTstor,https://guides.lib.utexas.edu/artstor
Urban Design,Community and Regional Planning,https://guides.lib.utexas.edu/crp
Urban Design,Digital Scholarship and the School of Architecture,https://guides.lib.utexas.edu/DS_SOA
Urban Design,Urban Design,https://guides.lib.utexas.edu/urban_design
Women's and Gender Studies,Black Queer Studies Collection,https://guides.lib.utexas.edu/bqsc
Women's and Gender Studies,Disability Studies,https://guides.lib.utexas.edu/disabilitystudies
Women's and Gender Studies,LGBTQA+ Studies,https://guides.lib.utexas.edu/lgbtq
Women's and Gender Studies,Women's & Gender Studies,https://guides.lib.utexas.edu/wgs
Yiddish,Hebrew / Jewish / Israel Studies,https://guides.lib.utexas.edu/hebrew-jewish-israel
Youth Literature,Youth Literature,https://guides.lib.utexas.edu/youthlit